{"Accels": [1.0, 1.0, 1.0], "AccelBias": [0.0, 0.0, 0.0], "GyroBias": [-0.0036339387569180787, 0.03179330222065815, -0.0015393305983866972], "Mags": [1.0, 1.0, 1.0], "MagBias": [0.0, 0.0, 0.0]}